Frame,ID,Corner1_X,Corner1_Y,Corner2_X,Corner2_Y,Corner3_X,Corner3_Y,Corner4_X,Corner4_Y,Distance,Yaw,Pitch,Roll
273,0,408.0,63.0,467.0,59.0,472.0,119.0,415.0,123.0,0.8792723625826105,7.713847000477741,-155.22296343863962,-1.835666631198431
274,0,412.0,31.0,470.0,27.0,473.0,86.0,415.0,90.0,0.8951210001867519,4.069682980824801,-177.61074255457842,-2.698254154491753
287,0,228.0,27.0,288.0,23.0,294.0,83.0,236.0,87.0,0.9171917501480505,-12.742270860716847,-152.44862942002706,-7.992555566151017
288,0,122.0,12.0,187.0,8.0,195.0,68.0,131.0,74.0,0.8790742802317869,-10.860653807514405,177.97204555726663,-8.153182924967423
308,0,681.0,56.0,746.0,55.0,745.0,118.0,681.0,117.0,0.8361091176429702,20.345724107136526,-144.04059099173324,5.822923859526718
316,1,615.0,84.0,640.0,88.0,637.0,114.0,611.0,112.0,1.9789136875158675,-8.31952180095087,-169.00402262051156,4.4796437310252735
317,1,672.0,99.0,698.0,103.0,694.0,129.0,669.0,126.0,1.9978234174064033,-5.514602617502523,-175.32675751324166,6.299956611565839
318,1,702.0,120.0,727.0,122.0,724.0,149.0,698.0,146.0,2.0228013180523146,25.78468341598376,-161.55367884275313,12.393942255608074
319,1,705.0,120.0,732.0,123.0,728.0,151.0,702.0,151.0,1.819076315545718,-13.711685964326865,-164.70724861548922,-0.08986117123702171
320,1,712.0,116.0,740.0,118.0,736.0,147.0,708.0,144.0,1.888776270227947,21.91254209988286,-164.49468950602184,10.834678251143924
321,1,737.0,115.0,765.0,116.0,762.0,145.0,735.0,143.0,1.9006932457594585,29.845355748442664,-158.6967993778134,11.227495099808374
322,1,752.0,111.0,781.0,113.0,778.0,142.0,750.0,141.0,1.8440420086308786,-2.5480070243749986,-171.92542719434374,2.357555390996312
323,1,725.0,92.0,752.0,93.0,750.0,123.0,721.0,123.0,1.7930902591911242,-9.472242276783644,-162.8953307747914,-1.3634402202327784
324,1,688.0,106.0,714.0,107.0,712.0,136.0,684.0,136.0,1.823261992660904,-11.530350622832055,-161.51943905401012,-1.712675772284664
325,1,658.0,88.0,686.0,90.0,684.0,121.0,656.0,119.0,1.735616128475453,-13.72630151729626,-171.77416380204073,0.325799997813416
326,1,657.0,92.0,686.0,94.0,683.0,124.0,654.0,123.0,1.7684168158577411,-5.403566811494056,-164.6590582853821,1.5558140875588318
327,1,669.0,80.0,699.0,82.0,696.0,114.0,667.0,113.0,1.6722458080767684,-12.000846370826714,-167.61214018178097,-0.4335836541925595
328,1,663.0,75.0,694.0,77.0,691.0,109.0,661.0,108.0,1.6733476883274794,-7.092589264543639,-168.06948687135477,0.8148336282719247
329,1,643.0,73.0,674.0,76.0,671.0,109.0,640.0,107.0,1.6137115243221967,-10.292991520580234,-169.7145783798059,1.6897493650905817
330,1,664.0,73.0,696.0,76.0,693.0,108.0,661.0,107.0,1.6401720600177458,-1.29730366048257,-170.64560129748386,3.2786100253957233
331,1,676.0,75.0,709.0,78.0,704.0,113.0,673.0,111.0,1.534499445313765,-12.604633759901064,-165.85798268642822,0.8068863432277885
332,1,674.0,83.0,707.0,85.0,704.0,121.0,671.0,119.0,1.507396004236084,-10.614217031082765,-168.75294754090567,0.5700708277845713
333,1,663.0,73.0,697.0,75.0,695.0,112.0,660.0,110.0,1.4648363164544216,-8.555540090738626,-171.28013218392454,0.9550375384246265
334,1,648.0,99.0,684.0,100.0,682.0,139.0,647.0,138.0,1.374961944985721,-12.733361447879112,-170.31097464209444,-1.6043020752509425
335,1,676.0,98.0,714.0,99.0,712.0,137.0,674.0,137.0,1.3978990922867596,3.0718016275299913,-170.95834239478327,1.5678598324323925
336,1,676.0,98.0,714.0,99.0,712.0,137.0,674.0,137.0,1.3978990922867596,3.0718016275299913,-170.95834239478327,1.5678598324323925
337,1,703.0,120.0,742.0,124.0,739.0,165.0,700.0,163.0,1.2679872251282305,-10.351023021633692,-174.76480657856024,1.9624901273032458
338,1,713.0,117.0,755.0,120.0,752.0,163.0,710.0,161.0,1.2280431965838878,-4.2487185376725645,-175.18342371212913,2.428613709059981
339,1,732.0,109.0,777.0,111.0,773.0,157.0,730.0,155.0,1.1755526444996838,32.09885794962621,-156.85523663827556,11.288893006490275
340,1,732.0,122.0,777.0,124.0,774.0,171.0,730.0,169.0,1.1431515338620009,-6.6736034462873315,-174.58294092416222,1.03059346023868
341,1,759.0,103.0,807.0,104.0,805.0,156.0,757.0,155.0,1.0498723621616786,-8.7383740420944,-173.039166933014,-0.8886587270969063
342,1,769.0,123.0,820.0,125.0,819.0,175.0,768.0,176.0,1.0431995183831106,-1.1226904831044213,-177.94537641949105,0.37904825430964134
343,1,806.0,102.0,862.0,102.0,862.0,160.0,806.0,160.0,0.942941572834394,-3.929669873176063,-177.86399939957107,-0.9012800636007496
344,1,848.0,125.0,907.0,127.0,907.0,189.0,847.0,187.0,0.8811945289654923,-5.416652858541216,179.33562952051392,0.7689217944682908
364,3,487.0,122.0,503.0,123.0,502.0,139.0,486.0,139.0,3.147022375954616,-10.452455917903476,-158.21299385935313,-0.6600238596614281
365,3,492.0,123.0,509.0,124.0,508.0,140.0,492.0,139.0,3.0896377642374104,5.18914424721593,-146.89485835087905,4.669309200651044
368,3,503.0,158.0,521.0,159.0,521.0,177.0,503.0,179.0,2.649832821150323,-18.448400101091263,-165.17546693808362,-5.234949594775052
369,3,486.0,153.0,504.0,152.0,505.0,170.0,487.0,173.0,2.6896759631510467,-15.121825050046798,-158.6206756672638,-9.374010046219299
370,3,495.0,170.0,513.0,170.0,512.0,189.0,496.0,189.0,2.949897101453853,1.754283318898956,-169.4906141166696,0.1449116268625551
372,3,542.0,145.0,561.0,146.0,559.0,166.0,541.0,165.0,2.7323241332401764,-5.328191945173767,-166.44568722730702,2.1642923028853858
373,3,544.0,159.0,564.0,161.0,563.0,180.0,544.0,180.0,2.5553602550774452,-9.324100834202339,-178.77123423841059,1.1329400362031459
374,3,547.0,169.0,567.0,168.0,567.0,190.0,548.0,191.0,2.5652114098998973,-6.733452715206411,-168.19636834107325,-3.870723453352957
376,3,527.0,150.0,549.0,151.0,548.0,173.0,528.0,173.0,2.300712199495904,-15.875182411049018,-173.9311116756877,-1.9516397477515537
377,3,504.0,133.0,526.0,132.0,527.0,155.0,506.0,156.0,2.2618732419866965,20.16243186433439,-161.65578049277514,1.881057949476152
378,3,512.0,165.0,535.0,164.0,536.0,188.0,514.0,190.0,2.1046616251437356,-17.965040847065314,-169.8345557398618,-7.184742087433738
379,3,523.0,176.0,547.0,175.0,548.0,197.0,525.0,200.0,2.157300835637668,1.4523672423457832,-155.18382216994024,-4.708977857142849
380,3,542.0,135.0,567.0,135.0,566.0,159.0,542.0,159.0,2.0957588789307233,2.9328956074858126,-151.54941701722606,0.6232026637999386
381,3,560.0,151.0,585.0,151.0,585.0,177.0,561.0,177.0,1.991156345419627,22.921780094389835,-160.97214772020294,4.786192211865286
382,3,562.0,155.0,587.0,154.0,588.0,181.0,563.0,182.0,1.9240503434112675,-14.461037142022015,-171.60381027955236,-5.068804601642564
383,3,554.0,162.0,580.0,161.0,580.0,187.0,554.0,188.0,1.9580189152038916,11.373848469836064,179.20131344188042,-0.09660271414271766
385,3,551.0,148.0,578.0,148.0,577.0,177.0,551.0,177.0,1.9032616654685177,-5.701347781958721,-170.23554149053652,-0.9586876961173201
386,3,552.0,140.0,580.0,140.0,580.0,169.0,553.0,170.0,1.768439068963145,-13.719533374789032,-170.9061372387338,-3.9179990889955603
387,3,562.0,135.0,591.0,134.0,592.0,164.0,563.0,166.0,1.7156198480771196,-9.088676856415383,-168.87881092402657,-4.823716567310292
388,3,573.0,149.0,603.0,147.0,605.0,177.0,575.0,180.0,1.701511018757434,-0.8631835465250188,-172.23295286782073,-4.872694105996567
389,3,604.0,117.0,635.0,117.0,635.0,149.0,604.0,150.0,1.6278423305296206,-7.016202195696957,-170.61735484115235,-2.485878390997497
390,3,629.0,126.0,662.0,126.0,664.0,160.0,630.0,160.0,1.5023145702772842,-7.103972008039674,176.60094475960136,-1.5303936423320235
391,3,665.0,144.0,699.0,142.0,700.0,178.0,666.0,179.0,1.4854755267197655,28.95998330549698,-163.45613921495945,3.5045955424518787
392,3,675.0,140.0,711.0,137.0,711.0,175.0,676.0,176.0,1.4335153558650142,29.254506603143387,-167.68006378029924,2.940723885395999
393,3,688.0,105.0,724.0,104.0,725.0,143.0,689.0,145.0,1.35996904975449,-11.5891660998733,-171.7238141912796,-5.031047175494297
394,3,698.0,104.0,736.0,101.0,737.0,141.0,700.0,143.0,1.363363536954072,32.40247523645957,-160.77634772785748,4.296469336554256
395,3,708.0,64.0,748.0,62.0,750.0,105.0,709.0,108.0,1.2591621835155455,-7.2878291081565125,-171.2881661278618,-5.383075563705813
396,3,728.0,74.0,771.0,71.0,773.0,117.0,730.0,120.0,1.1894796864181096,-6.68295087025176,-172.13288699826475,-5.631255268328832
397,3,792.0,44.0,840.0,42.0,839.0,93.0,792.0,95.0,1.1103826860612012,-5.101567643748171,-169.58542066109436,-3.848618818339879
398,3,850.0,44.0,902.0,43.0,901.0,97.0,850.0,99.0,1.0490925716504642,-3.8786823733772215,-172.8861358147575,-2.7550677434157875
399,3,888.0,47.0,942.0,45.0,942.0,101.0,888.0,103.0,1.0287827924177497,-1.703609193464773,-174.48991633415497,-2.574428077742343
418,2,273.0,63.0,305.0,62.0,304.0,102.0,274.0,103.0,1.3604840942104366,-45.53071525342482,-149.40968319167524,-18.692220975667045
422,2,604.0,61.0,634.0,57.0,630.0,98.0,600.0,101.0,1.3149918014436504,48.55087538399738,-172.59231866739418,10.671060047414016
422,5,69.0,77.0,87.0,78.0,87.0,96.0,69.0,95.0,3.1619107667870003,-3.8005093013018105,-173.39674026573232,2.22352374702462
423,2,629.0,64.0,660.0,61.0,656.0,102.0,625.0,104.0,1.3255636986185548,47.325645617428485,-170.1971776264916,11.983241325088823
424,2,680.0,58.0,711.0,55.0,706.0,98.0,675.0,100.0,1.2798704696311365,53.04338083913928,-166.73087733325954,15.952953680475966
425,2,723.0,68.0,754.0,65.0,750.0,110.0,718.0,111.0,1.2495689426187166,56.369545951518056,-161.80395461487683,18.849192664888548
426,2,782.0,64.0,815.0,59.0,811.0,104.0,777.0,108.0,1.2473576246258473,58.83722863651298,-167.21634858785572,14.858723927595792
426,5,276.0,117.0,293.0,118.0,293.0,134.0,276.0,132.0,3.453170888422382,-13.456206642462496,-174.0614439696362,1.0886769321272638
427,2,789.0,47.0,822.0,40.0,818.0,87.0,785.0,92.0,1.216847693106965,62.14555807215336,-165.81917121823153,15.598606530949715
427,5,298.0,110.0,316.0,111.0,314.0,127.0,298.0,125.0,3.105447269975969,-12.457821717735788,-141.24939776978235,2.1957297552510835
428,2,787.0,28.0,820.0,21.0,815.0,71.0,783.0,75.0,1.169306558663377,64.13951837268091,-158.7628281210129,21.906186341284155
428,5,305.0,94.0,322.0,95.0,321.0,111.0,305.0,110.0,3.2077306906220033,-12.020575987444406,-148.0262249635822,0.44965733431079324
429,2,798.0,33.0,830.0,26.0,826.0,76.0,793.0,81.0,1.1568684503151212,65.6495621207717,-159.3407637695751,21.642425950743743
429,5,324.0,96.0,341.0,97.0,341.0,113.0,325.0,113.0,3.1735828839144005,-2.80520432302673,-152.34514499359392,1.0094332584538446
431,5,379.0,91.0,395.0,92.0,395.0,108.0,379.0,108.0,3.235405289070786,-12.325060773824747,-169.26254346136488,-1.3771020882270453
431,4,235.0,158.0,244.0,158.0,245.0,167.0,236.0,167.0,5.761127164607249,2.1528136312486117,-155.11311712660734,0.42452541372134756
434,5,423.0,128.0,440.0,127.0,441.0,143.0,424.0,144.0,3.014202519221501,-1.3811273332436316,169.51043523829995,-3.68006585056355
435,5,422.0,136.0,439.0,135.0,440.0,152.0,424.0,153.0,3.0504074368788965,7.8095990756305635,-160.3395960186734,-1.7077339119749113
436,2,889.0,32.0,929.0,16.0,926.0,82.0,888.0,94.0,0.900583584929845,77.4520013507228,-159.7066276918429,19.843273750359167
436,5,434.0,164.0,451.0,165.0,451.0,182.0,435.0,182.0,2.922398565851398,-20.9244534158979,-177.78472178862802,-2.348909161986502
437,5,457.0,177.0,474.0,176.0,473.0,193.0,456.0,193.0,2.9033998904331098,12.760417677869434,168.28763443466062,0.5734287115378249
438,5,462.0,177.0,478.0,178.0,478.0,195.0,461.0,195.0,2.9398382376836913,-17.802814314885232,-169.80292213065604,-1.4025003199010402
439,2,898.0,55.0,942.0,39.0,938.0,112.0,894.0,123.0,0.8131961782302565,77.18937026954531,-161.04680398347313,20.00798499823002
439,5,441.0,198.0,457.0,199.0,457.0,216.0,440.0,215.0,2.9892895843430036,-14.660264529915423,-178.23034381061223,1.2552018514187695
440,2,880.0,45.0,926.0,27.0,921.0,102.0,876.0,114.0,0.7913780125299669,75.92070747772536,-165.56082494656474,16.20142956072576
440,5,416.0,193.0,433.0,193.0,434.0,210.0,416.0,210.0,2.891893446118746,-7.067710741835146,172.20225101732922,-1.118941557809304
441,5,386.0,171.0,404.0,171.0,404.0,189.0,386.0,187.0,2.8268695074272068,0.5726354017446802,-148.07283050376046,3.3191419532835376
442,2,849.0,33.0,900.0,11.0,897.0,94.0,845.0,110.0,0.7050369833878488,73.85016146742002,-171.8626732215448,9.451120421947284
442,5,351.0,199.0,368.0,197.0,370.0,215.0,352.0,216.0,2.895406192027168,0.7290633242111824,179.4001594463784,-4.875379841642698
443,2,881.0,35.0,939.0,10.0,940.0,96.0,881.0,114.0,0.6891887188563265,72.18128455772778,-175.20895404974135,3.5695257901248447
444,5,352.0,213.0,371.0,212.0,372.0,231.0,355.0,232.0,2.67583505558667,12.843712285849701,-165.26995746658508,-1.2252285198599262
444,4,230.0,288.0,240.0,289.0,240.0,298.0,230.0,298.0,5.258864630823792,-21.810564047106777,168.42489810743393,1.6519715855648012
445,5,371.0,217.0,389.0,216.0,391.0,235.0,373.0,236.0,2.6654405817333986,13.930950032137961,-165.4190603210954,-1.2031566468122257
446,5,406.0,219.0,426.0,216.0,427.0,235.0,408.0,236.0,2.575713929439457,-5.82554735243389,-147.65798179211376,-6.638082388857139
447,5,428.0,176.0,447.0,176.0,448.0,195.0,428.0,195.0,2.5997557664701314,-6.013603425981378,173.1120553705554,-1.0469496881095097
448,5,476.0,163.0,495.0,162.0,496.0,182.0,477.0,183.0,2.5847004582319437,-13.704641502092988,-169.17504331617798,-5.622539072807881
449,5,490.0,161.0,510.0,160.0,511.0,181.0,492.0,182.0,2.593109446128034,4.870357220531073,-168.74886879717494,-2.8111139171033006
450,5,517.0,156.0,538.0,154.0,539.0,175.0,519.0,176.0,2.477586945885507,7.3773870000762,-157.74281863828116,-2.7028297111147803
451,5,535.0,154.0,555.0,153.0,557.0,174.0,536.0,176.0,2.4068090882009407,-10.445614411076825,-172.0431171815591,-6.12833248974107
451,4,410.0,246.0,420.0,245.0,421.0,255.0,411.0,255.0,4.996565729469175,4.466876594771425,-153.55797753064618,-2.3332991842801367
452,5,536.0,139.0,558.0,138.0,558.0,159.0,537.0,160.0,2.3836382659651316,2.806958529793383,-151.29614867349076,-2.0835599040877657
453,5,542.0,132.0,563.0,132.0,562.0,156.0,542.0,157.0,2.1376896507323297,-26.560626312767585,-163.1818818686854,-7.555325198463909
454,5,555.0,128.0,577.0,126.0,578.0,149.0,556.0,151.0,2.271667091902458,-7.685880670219425,-161.70179531386967,-6.832094983815561
454,4,423.0,226.0,433.0,226.0,434.0,236.0,423.0,236.0,4.776528248987218,-9.6889141793556,167.1433198202887,-1.2528251172402673
455,5,564.0,122.0,587.0,120.0,589.0,143.0,566.0,146.0,2.2295427591095107,-0.1587209084869294,-169.35689273619482,-6.188181884752857
455,4,430.0,225.0,441.0,226.0,441.0,236.0,430.0,236.0,4.560607425038649,-9.2457149191603,167.4916705950792,1.4484027579821017
455,7,359.0,273.0,359.0,264.0,368.0,264.0,368.0,273.0,5.616181957943023,7.119551981858868e-06,-179.99999086217449,-90.00000000322711
456,5,574.0,127.0,597.0,126.0,599.0,150.0,576.0,152.0,2.123705986567534,-12.313915757681627,-174.9131106561981,-6.38837735183225
457,5,634.0,125.0,660.0,124.0,660.0,149.0,636.0,151.0,2.0708406071381953,-0.8242999724851338,-171.93591592003776,-3.6995689097048956
458,5,657.0,117.0,683.0,115.0,684.0,142.0,658.0,143.0,2.001002488852765,22.524785187614167,-160.1518493896946,1.9250140624147543
458,4,507.0,227.0,518.0,227.0,518.0,239.0,507.0,238.0,4.365395633380647,19.126884912098586,-163.00494113171607,5.168417329627839
458,7,432.0,274.0,432.0,265.0,442.0,265.0,441.0,275.0,5.277772045542855,11.577325938751688,-177.42297645534666,-86.56305902786688
459,5,679.0,113.0,707.0,111.0,707.0,138.0,680.0,140.0,1.947183120643695,10.592557914909806,-155.23800797625418,-1.8309034198192868
460,5,688.0,111.0,717.0,109.0,717.0,137.0,690.0,139.0,1.9063544753182415,19.242328091893565,-158.71137569208767,0.38477689343553184
460,4,532.0,232.0,543.0,232.0,543.0,244.0,532.0,244.0,4.235046862989864,-19.381591316379556,-173.65308244497655,-2.459647063813562
462,5,699.0,88.0,731.0,86.0,730.0,116.0,700.0,118.0,1.7517336171207774,11.832157595458826,-150.0890085707011,-0.7897681911963293
463,5,695.0,79.0,727.0,76.0,727.0,107.0,697.0,109.0,1.7497468652540025,16.488452838844083,-152.61528356564983,-0.3421482861839411
463,4,524.0,212.0,536.0,212.0,536.0,225.0,524.0,225.0,3.9274181785475872,-18.379304063152972,-172.61031891031658,-2.6943848269704027
463,7,447.0,265.0,447.0,254.0,457.0,255.0,457.0,265.0,4.761558574330527,-2.256364643016777,-159.51914958266906,-90.0761101569036
464,5,698.0,73.0,731.0,69.0,732.0,101.0,700.0,104.0,1.6771642487102623,14.387686260641544,-150.293781389344,-2.490518821551012
464,7,446.0,272.0,446.0,261.0,456.0,261.0,456.0,271.0,4.747133533734547,14.043513373476431,-159.00356345368454,-89.57093654854934
465,5,685.0,82.0,719.0,79.0,719.0,112.0,687.0,115.0,1.6356144737835323,10.658782456250918,-157.5347181511109,-2.636306189423542
465,4,505.0,231.0,517.0,230.0,518.0,242.0,505.0,243.0,4.000531036535827,7.903815130674357,167.86122201534053,-3.6259868298947553
466,5,745.0,59.0,781.0,55.0,782.0,91.0,746.0,94.0,1.5547125227974234,14.798224397843228,-173.3306562284369,-1.73057681881712
466,4,548.0,218.0,561.0,218.0,561.0,231.0,548.0,231.0,3.8918640103909516,-3.3024677755053136e-08,179.9999999399372,-3.1218048233642106e-14
467,5,762.0,38.0,800.0,34.0,801.0,72.0,763.0,76.0,1.4849529754590567,10.628932072549015,-167.74683661432587,-3.042458989816738
467,4,556.0,207.0,569.0,207.0,569.0,220.0,555.0,220.0,3.751979967586716,9.341366151950696,170.46269093953566,1.373230607237334
467,7,474.0,264.0,473.0,253.0,483.0,252.0,484.0,263.0,4.573162059882908,4.748568569940827,155.6773626692404,-95.23116951999269
468,5,778.0,22.0,819.0,18.0,820.0,59.0,779.0,63.0,1.3851196779986912,8.638821784304058,-170.69415924802018,-3.0467702296685086
468,7,472.0,271.0,472.0,260.0,482.0,259.0,483.0,271.0,4.3795163702509265,4.7522602246974985,156.27915707026597,-92.4720165460447
469,4,562.0,202.0,575.0,200.0,576.0,216.0,563.0,216.0,3.4078951566874127,34.77685727827879,-169.5305943842916,1.3440558944412984
470,4,504.0,212.0,517.0,211.0,519.0,225.0,504.0,226.0,3.589983611726235,0.20890882004747943,178.00931585937684,-4.033947610204354
471,4,498.0,209.0,512.0,208.0,513.0,222.0,498.0,223.0,3.4631919196521816,6.926293456801535,169.83037179467152,-2.9647018436912624
471,7,413.0,276.0,411.0,264.0,422.0,263.0,423.0,275.0,4.17512375729761,3.1272139343344536,-147.98781562530215,-96.95142774110356
475,4,527.0,205.0,542.0,205.0,542.0,221.0,527.0,221.0,3.1964070084914824,-15.651498415852128,-172.71601360990766,-2.3597939450966803
475,7,435.0,272.0,435.0,259.0,447.0,259.0,447.0,272.0,3.883424901839437,4.87215871253322,160.14022664587552,-89.80927384450783
476,4,535.0,218.0,550.0,217.0,551.0,233.0,535.0,234.0,3.168802016322676,17.560239642501088,-178.45028286132037,-1.3796932068232528
476,7,441.0,286.0,442.0,273.0,453.0,273.0,454.0,286.0,4.126463748421823,4.3075322162425165,-179.73890812572344,-89.95298898929249
478,4,506.0,220.0,523.0,219.0,523.0,235.0,506.0,236.0,2.9414034859294467,9.732401455070244,164.92403565345668,-2.0847341717498318
478,7,408.0,291.0,408.0,278.0,421.0,277.0,422.0,291.0,3.710456190166137,-1.5706974879516307,178.23653654163562,-92.07709276284767
479,4,494.0,215.0,511.0,215.0,512.0,231.0,495.0,232.0,2.948647164705027,-5.2867292580944865,170.83881877848518,-2.369008427378972
479,7,396.0,289.0,396.0,276.0,409.0,275.0,410.0,289.0,3.714460640370276,-1.4340038049265567,178.4244056712127,-92.09122855608375
480,4,479.0,232.0,496.0,232.0,496.0,249.0,479.0,250.0,2.8760486776733405,-13.2254418276175,-166.20798378356693,-3.2996274006932285
480,7,380.0,310.0,379.0,297.0,393.0,295.0,394.0,309.0,3.719588266804331,-1.3677340908396254,-177.87397759507996,-95.34589631943281
481,4,476.0,238.0,493.0,236.0,494.0,254.0,476.0,255.0,2.7986811142084815,13.116500064398489,171.60946923012378,-3.4374828736574914
482,4,467.0,193.0,485.0,192.0,486.0,210.0,468.0,212.0,2.740538574076916,-11.636716156168001,-163.21017395672058,-6.641804180722883
483,4,462.0,202.0,480.0,202.0,480.0,221.0,462.0,221.0,2.68994984079253,15.99789471589696,-171.4857601460635,2.4385139817075783
483,7,356.0,279.0,356.0,265.0,371.0,265.0,371.0,280.0,3.37745933219146,19.847078471766707,-178.40705642512316,-87.63748028588368
484,10,899.0,213.0,912.0,210.0,912.0,251.0,898.0,252.0,1.377118324258802,83.50108460294904,-42.084217588870295,136.95243520213728
484,4,467.0,214.0,485.0,214.0,485.0,233.0,467.0,234.0,2.603663535324389,-21.591883853289673,-167.3183979881718,-4.682435076218283
484,7,360.0,294.0,359.0,278.0,374.0,278.0,375.0,293.0,3.2465448207688308,0.16994865338658582,-157.37381104770986,-93.68492190800265
485,10,901.0,235.0,916.0,232.0,916.0,275.0,901.0,276.0,1.306831988423585,84.89512129263754,-38.80237995195591,139.93650515819445
485,4,449.0,242.0,468.0,241.0,469.0,261.0,450.0,261.0,2.5769258447118326,12.32765546370285,-167.80221874777158,-0.12500538422361687
485,7,341.0,324.0,340.0,308.0,356.0,308.0,356.0,323.0,3.248885660687568,6.494610110743313,-164.03785883647734,-90.89463719406646
486,10,907.0,211.0,924.0,208.0,923.0,254.0,905.0,256.0,1.2155986558269072,85.11495221257131,-57.77279946313914,122.41239008845662
486,4,426.0,206.0,446.0,207.0,445.0,227.0,425.0,227.0,2.464084588937256,-15.850705691377607,-163.8297519521913,-0.8951153873254863
486,7,311.0,289.0,312.0,273.0,327.0,273.0,326.0,290.0,3.069055056413787,-0.5595647689193048,162.75344659450468,-86.61911549462266
487,10,907.0,220.0,925.0,216.0,924.0,264.0,906.0,264.0,1.1991977646536214,85.12267461360118,-61.10329392810123,118.37485980241091
487,4,421.0,216.0,441.0,215.0,441.0,236.0,421.0,236.0,2.461230050673468,10.617116690664918,179.88883149428366,-0.0025169895850094023
487,7,307.0,299.0,306.0,284.0,321.0,282.0,323.0,299.0,3.162736475700281,7.399135246893141,171.44944946164387,-94.15093585002668
488,4,456.0,260.0,478.0,261.0,478.0,282.0,457.0,282.0,2.369493556212303,-7.72093901194258,179.71431404694192,-0.2625616474974356
488,7,340.0,350.0,339.0,333.0,355.0,332.0,357.0,349.0,2.9480211712433375,-3.0345511586672114,-155.9103681819899,-95.46907580312877
489,11,928.0,694.0,893.0,683.0,902.0,673.0,939.0,685.0,1.648000100151618,-14.358389847297495,120.47259112450158,-164.85996748144908
489,4,529.0,240.0,552.0,238.0,552.0,261.0,530.0,261.0,2.236843577551275,1.061992874816851,-159.77201583693184,-2.3481588142783063
489,7,410.0,331.0,409.0,314.0,426.0,313.0,427.0,331.0,2.847826451699481,7.641543511998086,167.8740349779784,-92.82568860328605
490,4,548.0,228.0,571.0,228.0,570.0,251.0,547.0,251.0,2.1702467091031963,14.268875555071507,175.88825921156118,1.7625855706714726
490,7,424.0,320.0,424.0,302.0,441.0,302.0,442.0,320.0,2.77311201499702,-3.0189644028408438,-162.69560853699966,-91.76762382576874
491,4,577.0,231.0,601.0,231.0,602.0,254.0,578.0,255.0,2.1017034924578537,-1.8657235863368222,172.50542076009523,-1.3697618631046917
491,0,42.0,267.0,59.0,267.0,61.0,293.0,44.0,293.0,2.102370948381778,29.70622058150034,-171.89356566371666,2.61706157978108
491,7,450.0,325.0,451.0,307.0,468.0,307.0,467.0,326.0,2.698109311384029,-0.9290731336121548,157.63647925748714,-86.92296046465609
492,4,592.0,236.0,616.0,236.0,615.0,261.0,591.0,260.0,2.078149340225846,19.23654597979241,-174.87329023833144,3.4639759821527485
492,7,460.0,331.0,461.0,313.0,478.0,313.0,478.0,333.0,2.624767126857295,6.035412674138232,157.28494913947068,-88.4036893339473
493,4,616.0,235.0,641.0,235.0,640.0,260.0,615.0,260.0,2.027476941987243,-1.2459815903173348,-165.6834883607074,-0.13239017508580325
493,0,54.0,272.0,73.0,273.0,74.0,299.0,56.0,299.0,2.0509363423156555,-72.0664341210031,-172.1737605256238,-9.71084603284452
493,7,481.0,334.0,481.0,315.0,499.0,315.0,499.0,334.0,2.6353196535507863,2.0912072461752245,160.88830628200742,-90.02051675059955
494,4,619.0,228.0,645.0,228.0,643.0,253.0,618.0,252.0,2.0104320546199865,3.9469834463279265,-156.79361732043066,1.6368947678673287
494,0,52.0,264.0,71.0,265.0,72.0,290.0,54.0,290.0,2.135262805544321,-70.19003452696913,-171.83542889997523,-9.923752836064173
494,7,482.0,327.0,482.0,308.0,500.0,308.0,500.0,327.0,2.6367834731738085,2.510470386299956,160.8756086281384,-90.02714351792451
495,4,602.0,214.0,628.0,215.0,627.0,241.0,600.0,241.0,1.9166515017802637,-1.4138184167892294,-165.08557197124335,0.9109582673052617
495,7,458.0,315.0,458.0,295.0,477.0,295.0,477.0,315.0,2.5080353024632873,3.0220465055495644,162.81036146835126,-89.96155242940581
496,4,605.0,209.0,632.0,208.0,631.0,236.0,604.0,236.0,1.848574502522039,21.766996448149364,179.64779095819452,2.012061795454067
496,7,460.0,313.0,461.0,292.0,479.0,293.0,479.0,313.0,2.4450145302521307,2.9078780227284238,-153.88187150185635,-88.58968926249426
497,4,597.0,231.0,625.0,231.0,624.0,260.0,596.0,261.0,1.7209243108642045,-12.204022499573473,-167.21146447468675,-2.4098181891560633
497,7,446.0,343.0,446.0,321.0,466.0,322.0,466.0,343.0,2.3223485812202407,-1.8920715441174765,-156.68137281042115,-90.0490709966927
498,4,630.0,210.0,659.0,208.0,660.0,237.0,630.0,239.0,1.737916506120108,17.213412051579322,174.89486853146047,-1.674104624380206
498,7,476.0,323.0,477.0,303.0,497.0,303.0,497.0,324.0,2.4347349967169203,-2.6820756621461945,176.20460673168876,-88.41773706902225
499,4,610.0,216.0,641.0,216.0,640.0,246.0,609.0,246.0,1.657378668098734,11.320238890583965,173.0211022403266,1.4897772934007003
499,7,451.0,330.0,451.0,307.0,472.0,308.0,472.0,330.0,2.2211343064286573,-1.0346566536533697,-157.57278476578864,-90.02298346571229
500,4,627.0,226.0,659.0,227.0,658.0,258.0,626.0,258.0,1.612942851518639,6.429733943488226,178.86355820090532,1.7712623414521238
500,7,463.0,344.0,463.0,321.0,485.0,323.0,485.0,345.0,2.1694993650032273,-11.01044724487423,-162.1441959572064,-90.08204078802538
501,4,651.0,239.0,684.0,239.0,684.0,270.0,650.0,271.0,1.5513687575419708,12.275165793184508,167.7137970159625,0.4672179343617484
501,7,483.0,360.0,483.0,337.0,505.0,338.0,505.0,361.0,2.1546568449900185,-7.143644720972531,-162.23016549945254,-89.89558784848533
502,4,665.0,236.0,699.0,235.0,698.0,269.0,663.0,269.0,1.496365031014019,20.450769928453752,172.54342358146445,1.362218457623889
502,7,489.0,365.0,489.0,341.0,511.0,340.0,512.0,364.0,2.079961283049291,3.788195271792654,-160.60416728909703,-91.3033671516928
503,4,651.0,228.0,686.0,228.0,685.0,264.0,648.0,264.0,1.412673255094219,22.397134083396818,177.22256738821477,2.63071368564212
503,7,466.0,361.0,466.0,336.0,490.0,336.0,489.0,362.0,1.959571112596065,1.0075520767504977,157.17016717141155,-88.89946450281532
504,4,643.0,202.0,681.0,201.0,681.0,237.0,642.0,239.0,1.348823112049193,14.93320000344401,169.51362907314927,-0.15345829040786482
504,7,453.0,344.0,453.0,319.0,477.0,318.0,478.0,344.0,1.9606720980567656,1.0955057116065454,164.4786238316408,-91.063510319155
505,4,627.0,234.0,666.0,232.0,667.0,272.0,627.0,273.0,1.2935391880171454,18.075020729027862,-178.35848085727267,-0.39071230004823215
505,7,430.0,385.0,430.0,358.0,456.0,359.0,456.0,386.0,1.8391467795822733,6.480210915375042,164.89534364850476,-89.75388297890804
506,4,663.0,216.0,706.0,215.0,705.0,256.0,662.0,257.0,1.2163955371098671,16.025219919813264,171.36388147340608,0.653531851807997
506,7,454.0,371.0,455.0,343.0,481.0,344.0,481.0,371.0,1.8166013879611371,-0.33013661792929533,-163.47983993462515,-89.00703977600396
507,4,653.0,202.0,697.0,202.0,696.0,245.0,651.0,245.0,1.1742734002776851,12.710437285718676,174.52880018790802,1.783408300098031
507,7,435.0,359.0,436.0,330.0,463.0,330.0,462.0,359.0,1.7183711230884473,-4.092405557898629,159.70782978402687,-88.15739775936609
508,4,659.0,208.0,705.0,207.0,703.0,253.0,657.0,252.0,1.132763159008008,17.833805723581204,177.5447764177294,2.3188263366089337
508,7,434.0,367.0,434.0,338.0,462.0,338.0,461.0,368.0,1.6947241303293121,0.7046344410554061,160.41342633452993,-89.03535358483394
509,4,659.0,208.0,708.0,208.0,706.0,256.0,657.0,255.0,1.069488256338753,13.204703447446908,176.24697294737038,2.3044101610609564
509,7,419.0,374.0,420.0,344.0,449.0,345.0,448.0,376.0,1.63657447191814,3.1684862086188335,164.03306689616838,-87.97842681043929
510,4,626.0,216.0,677.0,217.0,674.0,267.0,623.0,264.0,1.0140159374447357,10.204319657874176,172.57759244862237,3.458720627760607
510,7,372.0,391.0,373.0,359.0,403.0,360.0,403.0,392.0,1.5673037935384015,-4.371818503358757,-156.29189287422494,-89.53534018154285
511,4,585.0,229.0,639.0,229.0,639.0,281.0,584.0,282.0,0.9378248866515145,8.024060494648394,170.81350798545594,0.378866328092153
511,7,321.0,415.0,321.0,382.0,354.0,383.0,354.0,416.0,1.511789519161646,7.1943838343435464,175.9070889248832,-88.96152939702526
512,4,562.0,212.0,618.0,213.0,617.0,267.0,561.0,267.0,0.9099914544850278,4.675423718240742,173.47837411808837,1.147576072336442
512,7,291.0,407.0,291.0,373.0,325.0,373.0,325.0,408.0,1.4662080745557817,2.70449391922152,175.04044649898566,-89.54472809863364
513,4,550.0,200.0,608.0,200.0,606.0,257.0,548.0,256.0,0.8764461233276387,8.819538192801867,173.45678140044362,1.6496546180786158
513,7,273.0,404.0,273.0,369.0,308.0,369.0,307.0,405.0,1.4331804073639405,-0.2692096603502155,173.22641409392529,-89.29002489951262
514,4,519.0,208.0,581.0,209.0,580.0,269.0,518.0,268.0,0.8161967757056486,2.215934860990048,171.44867620333352,1.199249811544998
514,7,227.0,424.0,227.0,386.0,264.0,386.0,264.0,424.0,1.3535905980957015,-0.7246407364392826,174.75366341527962,-90.1700681589514
515,4,512.0,193.0,579.0,193.0,578.0,259.0,511.0,258.0,0.7564027633833271,3.7909316598767715,174.05400633162935,0.8978700308241244
515,7,205.0,427.0,205.0,387.0,244.0,387.0,244.0,427.0,1.2922394476589945,-0.6556802140051778,175.29279897207613,-90.16763712426382
516,4,507.0,195.0,577.0,194.0,577.0,262.0,507.0,263.0,0.723478768215122,4.730914385801032,172.47057117709056,-0.17807311487521382
516,7,194.0,441.0,193.0,400.0,232.0,399.0,233.0,440.0,1.2653335599443298,-1.2251061982233664,171.93075715980305,-91.72635147016572
517,4,463.0,193.0,536.0,194.0,535.0,266.0,461.0,265.0,0.6857993593988881,2.041775267552136,173.5193100384205,1.0559223446723693
517,7,128.0,448.0,129.0,406.0,172.0,406.0,170.0,449.0,1.2432089302712686,-3.7983677151974207,-179.88592868280145,-89.27547436282248
518,4,352.0,209.0,431.0,208.0,433.0,284.0,351.0,285.0,0.6285532117814202,-2.3652988916698523,166.34724897194846,-0.9992526110905444
519,4,282.0,192.0,369.0,193.0,369.0,270.0,280.0,269.0,0.586516360222358,-6.503389390868149,158.78652650018788,-0.18811968992032987
520,4,152.0,164.0,249.0,167.0,248.0,250.0,150.0,250.0,0.5577732794700372,-11.032833498135513,161.35906966586532,-0.7225612802022168
521,4,6.0,181.0,111.0,183.0,109.0,273.0,3.0,272.0,0.5575122578618371,-14.627625038312587,163.9029557081101,-1.0784952428673003
533,6,312.0,235.0,321.0,235.0,321.0,243.0,312.0,243.0,5.739358418427898,-6.95939668777562,160.25028406883328,-0.8463468985530396
534,6,326.0,247.0,335.0,247.0,335.0,255.0,326.0,255.0,5.70912902118939,-6.592619980221324,159.50749255520174,-0.7218668233941228
535,6,365.0,254.0,373.0,254.0,373.0,263.0,365.0,263.0,5.6453773454144045,20.983469027351262,-175.17814778232247,2.2309925513110627
537,6,386.0,229.0,394.0,229.0,394.0,238.0,386.0,238.0,5.665279800895124,21.568610127896168,-173.67131732829392,2.866225957369977
538,6,395.0,230.0,404.0,230.0,404.0,239.0,395.0,238.0,5.591030762603572,1.860213297572773,-151.8449570526706,3.426849513865209
539,6,401.0,239.0,409.0,239.0,409.0,248.0,401.0,248.0,5.645652860381893,22.41598826600066,-173.90761771688642,2.7544270452306847
548,6,428.0,227.0,437.0,227.0,437.0,236.0,428.0,236.0,5.607448006028638,4.3758024246098833e-08,179.9999998816284,5.1375076440585216e-14
550,6,438.0,242.0,447.0,242.0,447.0,251.0,438.0,251.0,5.5951051410726915,2.5407967888162512e-08,179.99999992310043,9.23354237850475e-14
554,6,492.0,232.0,502.0,232.0,502.0,243.0,492.0,243.0,4.61443153448632,-22.53531883534441,-172.73127962469184,-2.9134063445432874
556,6,501.0,242.0,512.0,243.0,512.0,253.0,501.0,253.0,4.531793121059104,-6.4511133338022475,166.34087928329828,1.8971475370106172
557,6,493.0,246.0,504.0,245.0,503.0,256.0,493.0,256.0,4.591330907959959,17.83388737967654,168.37204084730746,-0.729372416216132
558,6,482.0,248.0,492.0,248.0,492.0,260.0,482.0,259.0,4.377026564200787,29.319796557775156,-167.153499007274,6.289557739948681
561,6,445.0,232.0,456.0,232.0,456.0,243.0,445.0,243.0,4.581395475503457,1.7366032588194904e-08,179.9999999278848,-4.867528475989669e-14
564,6,462.0,248.0,473.0,248.0,473.0,260.0,462.0,260.0,4.213970783911697,21.96795765543105,-173.66948450937048,2.450374127655122
565,6,464.0,251.0,476.0,251.0,477.0,263.0,465.0,263.0,4.029994895105331,-16.293305932560582,169.26297336487787,-1.7266207247840792
566,6,461.0,255.0,473.0,254.0,473.0,266.0,461.0,267.0,4.024458049700402,14.997904997671368,168.27959757244597,-3.2234754589420453
567,6,455.0,270.0,467.0,270.0,467.0,283.0,455.0,282.0,3.9925037852888816,15.988442127195402,-167.35433964174405,3.7570362319756447
568,6,447.0,258.0,459.0,257.0,460.0,270.0,448.0,270.0,3.9960285030091733,16.039501241478323,-167.22676595583545,-0.7714753980303639
570,6,424.0,250.0,437.0,249.0,438.0,262.0,425.0,263.0,3.8600842531002817,1.7987723277528866e-08,179.99999995280606,-4.398705354991909
571,6,426.0,267.0,439.0,265.0,440.0,279.0,427.0,279.0,3.8474757073122032,3.909580881740788,-178.62408701775522,-4.147003949003603
573,6,461.0,252.0,475.0,251.0,475.0,265.0,462.0,265.0,3.7136966769097257,0.9915983805670915,-166.72440584612846,-1.9041431952495274
574,6,472.0,251.0,486.0,251.0,487.0,264.0,473.0,265.0,3.559836923333633,-7.060306024262616,168.31929044617343,-2.7360471799440615
575,6,475.0,255.0,489.0,254.0,490.0,268.0,475.0,269.0,3.436056989985173,6.37810643458903,167.86708911191857,-3.330174926373884
576,6,467.0,272.0,481.0,271.0,482.0,285.0,468.0,286.0,3.5742176929088987,4.655292840272007e-10,-179.99999973567256,-4.085616780021031
579,6,413.0,256.0,428.0,255.0,429.0,270.0,415.0,271.0,3.453040728493729,3.922506051124683,-170.222372368261,-4.10870055113736
580,6,400.0,277.0,415.0,276.0,416.0,291.0,401.0,292.0,3.3441271167785476,1.2739402841199593e-08,179.9999999846546,-3.8140748342884008
582,6,438.0,267.0,454.0,266.0,455.0,281.0,439.0,283.0,3.108291368397509,-7.6484231801157545,-158.18475382797453,-6.06669136492005
583,6,439.0,258.0,455.0,257.0,456.0,273.0,440.0,274.0,3.134449187039653,-9.542086367359286e-08,-179.99999964899573,-3.5763343749225114
584,6,447.0,263.0,464.0,262.0,465.0,278.0,448.0,279.0,2.9493420179632324,-1.367742250285385,164.87041195753918,-3.490837387442898
585,6,448.0,262.0,465.0,260.0,466.0,276.0,449.0,278.0,2.90767708647343,6.991622780747465,162.7040992759945,-6.054408998063949
586,6,457.0,240.0,474.0,239.0,475.0,256.0,458.0,257.0,2.954744972458533,-7.263372728829502e-07,-179.99998991584673,-3.3664606707859117
587,6,447.0,263.0,465.0,262.0,466.0,279.0,448.0,280.0,2.785874451813159,-1.3065095254479329,165.3862919597001,-3.2979000049113445
588,6,425.0,257.0,443.0,256.0,444.0,274.0,426.0,275.0,2.7887142475903217,1.797805598806179e-09,179.99999999568195,-3.179830119863567
591,6,432.0,245.0,452.0,244.0,453.0,263.0,433.0,264.0,2.5140931193440696,-1.686070583594275,167.10964817611833,-3.0444482239757313
592,6,442.0,261.0,462.0,259.0,463.0,279.0,444.0,281.0,2.494250645548496,-14.075134262542315,-166.90608593747396,-7.2247734401981365
593,6,442.0,264.0,462.0,263.0,463.0,284.0,443.0,285.0,2.397024747043374,15.683772878030336,-175.6832427102076,-1.4591430613193248
594,6,421.0,284.0,443.0,283.0,444.0,303.0,423.0,305.0,2.3281331270635817,-2.6046133804944893,-158.03412272139832,-4.209634491730077
595,6,377.0,284.0,400.0,283.0,401.0,305.0,379.0,306.0,2.2331981588055076,-0.4190403514705298,-163.27066141013054,-2.560092971479741
596,6,367.0,283.0,390.0,281.0,392.0,303.0,369.0,305.0,2.1912259751826837,-4.742827497292986,167.76398431890226,-5.329883544230009
597,6,365.0,285.0,388.0,283.0,390.0,306.0,367.0,308.0,2.1815645476342334,-2.9444326657475356e-09,-179.99999999775173,-4.969740728109261
598,6,370.0,281.0,394.0,279.0,396.0,302.0,372.0,304.0,2.099421117097974,-4.511607920370724,168.10119067913917,-5.110206758581567
599,6,371.0,278.0,396.0,276.0,398.0,300.0,373.0,303.0,2.000106871159709,-11.463780671936266,-162.19473875714695,-6.670121206827118
600,6,373.0,283.0,399.0,280.0,401.0,306.0,375.0,308.0,1.9227947938613656,1.5038228246908818,171.43591549857405,-5.422143612112982
601,6,360.0,299.0,387.0,297.0,389.0,323.0,362.0,325.0,1.868961515325605,-5.136727434989636,168.4479157166403,-4.530776708557219
602,6,367.0,282.0,394.0,280.0,396.0,308.0,369.0,309.0,1.8267738345725293,7.207736376396845,-173.11380491065813,-2.659640666629536
603,6,362.0,291.0,390.0,289.0,392.0,316.0,364.0,318.0,1.802221938178613,-4.8051064522262585,168.98323504548185,-4.394911978761491
604,6,352.0,292.0,381.0,291.0,383.0,319.0,354.0,321.0,1.7407925825920152,-10.817896043381326,173.75820758673794,-3.561624838271155
605,6,362.0,295.0,391.0,291.0,394.0,321.0,365.0,323.0,1.721785303719066,2.7143232883363844,-179.461238964885,-5.782508916933321
606,6,360.0,294.0,390.0,291.0,393.0,321.0,362.0,323.0,1.651460945238609,-4.385552287735064,169.16900855625465,-5.017398264025576
607,6,394.0,297.0,425.0,295.0,427.0,325.0,397.0,328.0,1.6358250614520249,-9.309291246598937,-172.12123616429363,-5.32774937745702
608,6,415.0,289.0,447.0,288.0,447.0,320.0,416.0,321.0,1.561797604580899,-13.732892794054438,-170.63701933038647,-2.660037494419269
609,6,434.0,287.0,467.0,285.0,468.0,319.0,437.0,320.0,1.4934955616611179,15.850120096237676,-173.77012344842814,-1.638695906749387
610,6,439.0,314.0,473.0,312.0,474.0,347.0,440.0,348.0,1.4440836503522996,9.887534906401783,176.96939402427233,-2.2338114185836733
611,6,441.0,315.0,476.0,313.0,478.0,348.0,443.0,350.0,1.4271234374128776,-2.368195400307943e-10,-179.99999999981122,-3.2704879231862964
612,6,437.0,296.0,473.0,293.0,476.0,329.0,440.0,331.0,1.3836280548909043,3.816970039689733,-166.88621291832646,-3.736761258313776
613,6,431.0,291.0,468.0,288.0,471.0,325.0,434.0,328.0,1.3493164895413339,1.1824541745547688e-11,-179.99999999990587,-4.635463426900402
614,6,428.0,286.0,466.0,283.0,469.0,320.0,431.0,323.0,1.3153472396709216,-1.644782966722247,170.06017620485378,-4.613841440496753
615,6,423.0,288.0,462.0,284.0,465.0,323.0,426.0,326.0,1.2769349797908203,2.951883890596387,172.78664754897076,-5.006720755024582
616,6,435.0,285.0,476.0,282.0,479.0,323.0,439.0,326.0,1.217091856196513,8.001018869183321,-172.400580138202,-3.7251627264730773
617,6,487.0,290.0,530.0,286.0,534.0,328.0,491.0,332.0,1.1608177355075366,0.9872682967878049,170.43460741734074,-5.266996831151533
618,6,534.0,281.0,579.0,277.0,582.0,321.0,537.0,325.0,1.1134328538410478,8.715486842166523,170.46495086498342,-4.602166535094986
619,6,550.0,269.0,596.0,265.0,599.0,312.0,553.0,315.0,1.0813658144986187,15.406975644393428,-178.165766502248,-3.373046930735188
620,6,593.0,268.0,643.0,264.0,646.0,312.0,596.0,315.0,1.0206221718173474,8.042797856616293,166.9503071125608,-3.5466576855512706
621,6,633.0,268.0,685.0,264.0,688.0,314.0,636.0,317.0,1.0089289701963207,14.230402012559901,170.60196116296714,-3.617013331928699
622,6,765.0,249.0,825.0,246.0,826.0,301.0,768.0,303.0,0.932514692554396,21.00488801604175,-160.0294570573679,-0.8364525617329076
654,0,492.0,289.0,500.0,288.0,500.0,296.0,492.0,297.0,5.896339679553409,19.865457357475215,162.6896519778314,-5.778827539051088
655,0,495.0,280.0,503.0,279.0,504.0,287.0,495.0,288.0,5.810055594795028,8.970570166340936,161.80207676749782,-6.054406697281964
659,0,530.0,247.0,539.0,247.0,539.0,256.0,530.0,256.0,5.596357200300427,5.74258686215814e-08,-179.99999988567671,-1.6261825797803447e-13
660,0,537.0,251.0,546.0,251.0,546.0,260.0,537.0,260.0,5.596246898150886,6.362959179186059e-08,-179.99999989188,1.0387876171090341e-14
664,0,509.0,260.0,519.0,259.0,519.0,269.0,510.0,270.0,4.984042439743919,-16.195875297065495,-165.34376784786383,-7.564366495125849
667,0,544.0,263.0,554.0,263.0,555.0,272.0,545.0,273.0,4.968729159716263,-5.530566595818103,164.83431266164715,-3.327312647453624
668,0,550.0,266.0,559.0,266.0,560.0,275.0,551.0,276.0,5.2277728835492,-16.541255241390253,176.13801015483884,-4.610389371218488
670,0,540.0,283.0,551.0,282.0,551.0,292.0,541.0,293.0,4.741164781295678,-2.3908716560876577,-156.50058886631828,-5.61049380738023
673,0,508.0,278.0,519.0,277.0,519.0,287.0,509.0,288.0,4.725794512926276,-4.313754063999692,-155.62671401714553,-5.7720547746686615
674,0,514.0,288.0,525.0,288.0,525.0,298.0,515.0,299.0,4.76607894775996,-0.024514315302528622,-171.16041856075154,-2.916602772813419
675,0,527.0,271.0,538.0,270.0,539.0,281.0,527.0,282.0,4.332229361536528,9.537334128398761,165.49658432667562,-4.220695123538761
676,11,413.0,495.0,424.0,490.0,439.0,492.0,428.0,497.0,2.713623920338886,43.58840140851377,-123.24053255065348,-29.859611716559264
676,0,530.0,262.0,541.0,262.0,541.0,273.0,530.0,273.0,4.571824706682419,-3.5717629489191535e-07,179.99999944105613,-1.0077013876317638e-09
677,0,539.0,262.0,550.0,261.0,551.0,272.0,539.0,273.0,4.3441093597103775,10.019089525003501,166.05924910676944,-4.100885039274936
678,0,538.0,277.0,549.0,276.0,550.0,287.0,538.0,288.0,4.33575794824455,10.140881499301848,165.29979708449486,-4.242755930074592
679,0,537.0,273.0,548.0,272.0,549.0,284.0,538.0,285.0,4.186326217662117,-19.34977218804232,-175.10108240780744,-6.712716291582868
680,0,517.0,271.0,529.0,270.0,530.0,282.0,518.0,283.0,4.170637365307567,-2.5346042942771884e-08,179.99999995970038,-4.763641690719424
681,0,506.0,263.0,518.0,262.0,519.0,274.0,507.0,275.0,4.171802987780564,-3.465577580711987e-08,179.99999992298459,-4.763641690715764
682,11,388.0,536.0,399.0,529.0,416.0,530.0,405.0,537.0,2.4974278303497366,-59.24277495426886,107.43213125598263,-22.394217934412254
682,0,503.0,267.0,515.0,266.0,516.0,278.0,504.0,279.0,4.169938662394353,-7.862400575254951e-09,179.99999998174255,-4.763641690723744
683,0,495.0,278.0,506.0,276.0,508.0,288.0,496.0,289.0,4.3198188855841675,4.151668488990611,178.63424934430967,-7.306845362606206
684,0,523.0,281.0,535.0,280.0,536.0,292.0,524.0,294.0,3.9744943603871477,-13.848334606121155,-168.1773425298832,-8.072876787403047
685,0,513.0,265.0,525.0,264.0,526.0,277.0,514.0,278.0,3.86717102440033,-19.441979907160004,-174.457996560313,-6.490972221832974
686,11,368.0,557.0,381.0,549.0,401.0,551.0,389.0,559.0,2.1316795631469105,-62.262287099056586,107.99484875471546,-20.31810668939422
686,0,501.0,259.0,513.0,258.0,514.0,271.0,502.0,272.0,3.870074193622892,-19.930657006089145,-173.90544585886968,-6.683038633771989
687,11,348.0,561.0,361.0,553.0,382.0,555.0,369.0,564.0,2.0847079990913526,-62.69391800666197,110.4043513593743,-21.668177932757793
687,0,484.0,255.0,498.0,254.0,499.0,267.0,486.0,268.0,3.676276933949051,8.742903339202568,-156.4196217410957,-3.3629316808888183
688,11,335.0,593.0,349.0,583.0,371.0,585.0,357.0,595.0,1.9841946404101491,36.496029852904115,-131.3481522312201,-40.309442273462324
688,0,467.0,265.0,480.0,263.0,482.0,277.0,468.0,279.0,3.5420495171256245,15.928741652471764,176.55760618228967,-7.014266996906697
689,11,330.0,597.0,346.0,586.0,367.0,587.0,352.0,599.0,1.9348284355180616,-58.53962082786771,109.51241446341297,-26.383348292646303
689,0,458.0,260.0,472.0,258.0,473.0,272.0,460.0,274.0,3.544290930136174,-15.481332864253472,-165.48622393578668,-9.974764996461325
690,0,446.0,253.0,460.0,251.0,462.0,265.0,448.0,267.0,3.554709940136802,3.9282863089195816e-07,179.99999742970496,-8.130102342233952
691,11,312.0,605.0,327.0,593.0,350.0,594.0,335.0,606.0,1.8813666432153207,32.75072075393505,-129.48483346690494,-42.1199875253023
691,0,440.0,255.0,453.0,253.0,455.0,267.0,442.0,269.0,3.5716045177277045,19.78830465584925,-175.779871821386,-6.626722361610401
692,11,306.0,624.0,323.0,612.0,347.0,614.0,331.0,626.0,1.771170581349211,-62.68356645887974,107.71164783698013,-22.66922145559878
692,0,443.0,264.0,456.0,262.0,459.0,277.0,444.0,279.0,3.330808542250665,19.29089903166627,-176.5980038257511,-6.350585686514356
693,11,322.0,605.0,339.0,593.0,364.0,595.0,346.0,608.0,1.7204622332805906,-59.53827667404787,109.28083965433012,-24.174113210772042
693,0,467.0,238.0,481.0,236.0,483.0,250.0,468.0,252.0,3.4224415488625386,5.767307860578661,168.41522051066312,-7.198297370561641
694,11,304.0,599.0,322.0,586.0,346.0,589.0,329.0,602.0,1.72717173629089,-59.741213587030764,113.4146991146229,-27.17818377445793
694,0,455.0,227.0,470.0,225.0,472.0,240.0,457.0,242.0,3.330870774029189,7.974681571956576e-11,-179.99999998032618,-7.5946433685884775
695,11,305.0,616.0,324.0,602.0,349.0,605.0,331.0,619.0,1.6527410704256023,-59.38263000717938,111.9818955855032,-26.64190635624835
695,0,465.0,228.0,480.0,226.0,482.0,241.0,467.0,243.0,3.3300807952540565,-8.095925805153343e-10,179.99999998984566,-7.594643368589834
696,11,307.0,621.0,327.0,607.0,353.0,611.0,333.0,626.0,1.593786493961802,-57.652888182334934,112.18328593825957,-25.06519144072698
696,0,473.0,227.0,489.0,225.0,490.0,241.0,475.0,242.0,3.230166360942029,2.7593139550777757,-164.3755952503929,-5.084439895704398
697,11,296.0,649.0,316.0,634.0,344.0,638.0,325.0,653.0,1.5321278808045578,-62.25164441076078,110.68971545577874,-23.55984174632243
697,0,470.0,238.0,485.0,237.0,487.0,252.0,472.0,254.0,3.2190408103523316,-14.870122778075737,-179.80188691383373,-7.4263668739642466
698,11,299.0,666.0,320.0,650.0,348.0,655.0,329.0,671.0,1.5082218856217033,-61.66377572879562,111.93945428637392,-23.92703850828893
698,0,481.0,247.0,497.0,245.0,499.0,261.0,483.0,262.0,3.1039438078042054,8.557206308561478,-157.5224693017777,-4.421081747267111
699,11,296.0,666.0,319.0,649.0,347.0,655.0,323.0,672.0,1.4633187400105345,22.70063312904662,-134.38553096160032,-39.49027303642974
699,0,488.0,237.0,504.0,235.0,506.0,251.0,490.0,252.0,3.1074264722891947,9.102143124372457,-156.77180737744334,-4.278096276195261
700,11,266.0,701.0,290.0,683.0,320.0,689.0,297.0,708.0,1.4065992258478046,-60.33875977125569,111.32847870353999,-23.152693964685362
700,0,475.0,249.0,491.0,248.0,493.0,264.0,476.0,265.0,3.0181046960801785,-6.06940216152017,169.35862422057815,-4.084870273317602
701,0,481.0,248.0,498.0,245.0,500.0,262.0,484.0,264.0,3.0060524637449118,4.340108109271632,-166.5942930077783,-8.058881153958922
702,0,478.0,264.0,495.0,263.0,497.0,280.0,480.0,281.0,2.861608379980665,-13.111823832725532,171.1728882924889,-4.53591388038926
703,0,502.0,258.0,520.0,256.0,521.0,273.0,504.0,274.0,2.8599579075126846,3.7977955120011515,-154.54581699517098,-4.52169320993413
704,0,507.0,250.0,525.0,248.0,527.0,266.0,509.0,268.0,2.7769920203837155,3.429807870500137e-09,-179.99999999298507,-6.340191745912462
705,0,510.0,247.0,528.0,245.0,529.0,264.0,511.0,265.0,2.712885241148894,16.23536697511935,179.93103790923593,-3.0946429619218785
706,0,511.0,249.0,529.0,248.0,530.0,266.0,512.0,268.0,2.7118441504339614,-10.813368810728914,-168.25581226284916,-5.851697366351088
707,0,514.0,252.0,533.0,251.0,534.0,269.0,515.0,270.0,2.6461760270999832,1.5354881563069251,166.30002541600192,-2.863669471055715
708,0,514.0,263.0,533.0,262.0,534.0,280.0,515.0,282.0,2.6315048976868223,-1.8959732370775522,-160.42091791691897,-4.71228269924743
709,4,793.0,154.0,803.0,150.0,802.0,185.0,792.0,188.0,1.5658673830692125,84.8320011769217,-75.6665802410877,104.4831185935078
709,0,488.0,240.0,507.0,239.0,508.0,259.0,489.0,260.0,2.527745365913711,-15.664213536232204,-173.51422244891234,-4.769312577803898
710,0,476.0,252.0,495.0,250.0,497.0,269.0,477.0,271.0,2.553400078022067,5.49751471131375,169.97117526574837,-5.328509205719277
711,4,773.0,157.0,785.0,152.0,785.0,189.0,774.0,192.0,1.4885059712489914,85.49014367295422,-106.03291287134282,71.8268588897433
711,0,458.0,249.0,478.0,248.0,479.0,268.0,459.0,270.0,2.442670275717904,-13.26482433157222,-167.2083588202911,-5.676083351693743
712,4,775.0,144.0,787.0,140.0,788.0,179.0,776.0,182.0,1.4005238165975713,83.87329250230584,-95.43188839635141,81.17126533359816
712,0,451.0,248.0,472.0,246.0,473.0,267.0,453.0,269.0,2.3819894129621533,-12.816401485544198,-166.4436546851631,-6.967723494186226
713,0,451.0,240.0,473.0,238.0,474.0,258.0,453.0,261.0,2.307292959135257,-7.032876239367286,-152.9086434009037,-7.456809744967298
714,0,465.0,220.0,487.0,218.0,488.0,240.0,466.0,241.0,2.279546332204289,5.044016604284781,172.24920710232735,-3.2843133507524813
715,0,491.0,212.0,514.0,210.0,515.0,234.0,492.0,235.0,2.1531851191818077,12.669253124703829,-177.91238715631692,-2.013440902628764
716,4,915.0,84.0,935.0,75.0,935.0,126.0,913.0,132.0,1.1583774287456081,84.2555305901222,-83.27453136476554,95.36877755808354
716,0,499.0,209.0,523.0,207.0,524.0,231.0,500.0,232.0,2.0988325686657383,5.835895040278299,173.4226988811375,-2.8143726364511843
717,0,501.0,231.0,525.0,230.0,526.0,254.0,502.0,255.0,2.097006750722662,1.0694369648113736e-07,-179.99999967481017,-2.385944030446677
718,0,495.0,224.0,521.0,223.0,522.0,248.0,496.0,250.0,1.9334621899305364,-1.7311387343546571,-159.4884163019852,-3.554491896203761
719,0,495.0,224.0,521.0,223.0,522.0,248.0,496.0,250.0,1.9334621899305364,-1.7311387343546571,-159.4884163019852,-3.554491896203761
720,0,493.0,224.0,520.0,222.0,521.0,248.0,495.0,250.0,1.893399338165013,-1.1024820524336527,-159.08786268468722,-4.4614114517381935
721,0,492.0,240.0,519.0,238.0,521.0,265.0,494.0,267.0,1.858077138044856,5.347895999839344e-08,-179.99999983605244,-4.236394799076203
722,0,526.0,232.0,554.0,230.0,555.0,258.0,527.0,260.0,1.7803814184267517,12.33097510552792,175.76405796589432,-2.693128256689346
723,0,532.0,232.0,561.0,230.0,563.0,259.0,534.0,261.0,1.7351794497561983,-4.038437952460173e-10,179.99999999940792,-3.9451862290372985
724,0,540.0,230.0,570.0,228.0,572.0,257.0,542.0,259.0,1.6835665156192552,2.354139715071881,170.85259363324988,-3.5517245089974097
725,0,555.0,230.0,586.0,228.0,587.0,259.0,556.0,261.0,1.619865697018049,13.140799566059867,177.37898544182528,-2.214548652193303
726,0,544.0,232.0,577.0,229.0,579.0,261.0,546.0,264.0,1.5266796373421563,8.965422457534967,170.668425775713,-4.230251588706257
727,0,508.0,241.0,541.0,240.0,543.0,272.0,509.0,274.0,1.500555802919333,1.0836722516764885,170.49446790847918,-2.401580214800739
728,0,482.0,233.0,517.0,231.0,519.0,265.0,484.0,267.0,1.4358802582961778,0.5336370211990422,171.33924346121813,-3.212101767425873
729,0,454.0,247.0,490.0,244.0,492.0,279.0,456.0,282.0,1.3851404506383935,5.245031220270506,169.7119473175619,-4.244301415709604
730,0,450.0,254.0,486.0,251.0,489.0,287.0,453.0,290.0,1.389699745705928,1.3771736856003002e-10,179.99999999814617,-4.763641690720721
731,0,454.0,254.0,492.0,252.0,495.0,289.0,457.0,292.0,1.3142473538569197,-4.696002438948276,174.04959504959717,-4.128702152417916
732,0,432.0,253.0,471.0,251.0,474.0,289.0,435.0,292.0,1.2823943231540287,-5.376964261750066,174.47293170505046,-4.101256194023834
733,0,445.0,242.0,485.0,239.0,488.0,278.0,448.0,281.0,1.2531566908386358,-0.634141195428819,171.85082722514414,-4.354205865944716
734,0,453.0,240.0,494.0,238.0,497.0,280.0,455.0,282.0,1.196403502391771,-7.921640898208612,-179.69523574474943,-3.501965005370993
735,0,453.0,240.0,494.0,238.0,497.0,280.0,455.0,282.0,1.196403502391771,-7.921640898208612,-179.69523574474943,-3.501965005370993
736,0,426.0,245.0,471.0,243.0,473.0,286.0,429.0,289.0,1.1272658556503,-2.147450793174378,-161.1493484951255,-3.4740801839653397
737,0,391.0,216.0,436.0,214.0,440.0,258.0,394.0,261.0,1.106058792198429,-7.35072403953799,173.0620108901993,-4.030988791125218
738,0,360.0,230.0,407.0,228.0,408.0,274.0,361.0,276.0,1.0707485457926358,1.7186487216552584,172.12048126527887,-2.2349084412298503
739,0,299.0,228.0,350.0,224.0,355.0,272.0,304.0,277.0,1.0039882433358596,-7.745588875103402,169.83283808503708,-5.969194286850674
740,0,286.0,204.0,340.0,199.0,345.0,251.0,292.0,255.0,0.9627798346092472,-7.927497589244031,-156.491337563834,-5.919966664352235
741,0,275.0,194.0,330.0,191.0,335.0,244.0,280.0,248.0,0.9420507010797617,-10.754630137537907,176.29170080084415,-5.26241657672131
742,0,270.0,194.0,328.0,191.0,331.0,247.0,274.0,251.0,0.8966668849921317,-16.08052150492824,-159.44848761628808,-5.965668779317226
743,0,265.0,220.0,323.0,216.0,330.0,273.0,272.0,278.0,0.8816384526936363,-18.26666472933655,179.32529286029313,-6.838015263746011
744,0,228.0,206.0,291.0,203.0,295.0,262.0,233.0,265.0,0.842590798581654,-11.637685972211512,-155.43894379118208,-4.334075769256754
745,0,192.0,195.0,258.0,194.0,262.0,255.0,196.0,258.0,0.8115413078716641,-13.954923235977313,171.98777389417805,-3.707912371030083
746,0,167.0,190.0,234.0,188.0,239.0,253.0,171.0,255.0,0.8018586007808668,-13.958708286695522,178.86854422707623,-3.88567325203717
747,0,140.0,188.0,212.0,187.0,217.0,255.0,146.0,257.0,0.7650243197214516,-10.964984015064083,-162.25684212310878,-2.834508017394721
748,0,139.0,182.0,212.0,180.0,218.0,247.0,146.0,250.0,0.756970696524403,-13.033587831290747,-154.9200363896288,-4.049154256292104
749,0,61.0,158.0,143.0,157.0,147.0,231.0,67.0,233.0,0.7102480616332754,-22.336986138997528,-154.49379741656188,-5.075195862890298
756,7,825.0,313.0,820.0,262.0,876.0,255.0,882.0,307.0,1.004010744075767,-10.941777564534931,159.84833269659086,-91.91167944103324
757,7,711.0,269.0,708.0,217.0,762.0,211.0,764.0,263.0,0.9822259922566595,17.142359386517494,175.4214969021742,-97.36695258858927
758,7,692.0,266.0,689.0,215.0,742.0,209.0,745.0,261.0,0.9935502206649787,-3.7258814249236325,159.37123740643744,-92.42780291179788
759,7,619.0,243.0,619.0,193.0,672.0,188.0,672.0,240.0,0.9648549551485606,-9.513395345748274,160.50286003906527,-88.3778054200196
760,7,572.0,270.0,570.0,220.0,621.0,215.0,622.0,266.0,1.0223917636788387,7.732384095805198,173.71573736553205,-93.96344129843162
761,7,512.0,271.0,509.0,222.0,558.0,217.0,562.0,267.0,1.0106647510954683,-2.3763603933596396,170.50552924011532,-93.81928906651821
762,7,396.0,253.0,392.0,203.0,442.0,199.0,445.0,249.0,1.0094853639851116,15.4557433392152,-169.32549652891043,-93.1862831448915
763,7,349.0,267.0,346.0,216.0,396.0,213.0,399.0,263.0,1.0004465988652473,14.253093927089113,-163.94802630075506,-91.95942167117371
764,7,320.0,276.0,315.0,225.0,367.0,221.0,371.0,271.0,0.9874785961217085,18.603380410166306,-168.22173004920162,-92.61517074072658
765,7,319.0,279.0,313.0,227.0,365.0,223.0,369.0,274.0,0.9864177656553499,10.51830298175816,-163.350449106406,-94.07791153959589
766,7,333.0,280.0,328.0,227.0,380.0,223.0,385.0,275.0,0.9668583347220815,8.055841458414331,-165.02062087435672,-94.5624669610171
767,7,361.0,281.0,356.0,228.0,410.0,224.0,415.0,277.0,0.9354287415604894,-4.998329222778345,-172.47963063859783,-95.78305785994372
768,7,398.0,279.0,392.0,225.0,446.0,220.0,451.0,274.0,0.9342352489992004,9.569093856702091,177.72463717450802,-95.41155670009857
769,7,452.0,284.0,448.0,228.0,503.0,224.0,507.0,280.0,0.9012889542102289,5.951049812337911,-171.87491985604086,-94.14465882332081
770,7,472.0,262.0,469.0,204.0,526.0,200.0,529.0,258.0,0.8721037876021355,1.880331958457703,169.85893743390378,-93.02670571184748
771,7,501.0,274.0,498.0,213.0,556.0,209.0,559.0,270.0,0.8308095208501414,8.954561040861359,-166.3285083661908,-93.33147765209316
772,7,509.0,279.0,506.0,216.0,566.0,213.0,569.0,275.0,0.810376783557201,6.8446758000123475,-168.21694123045748,-93.20296559927601
773,7,516.0,279.0,513.0,215.0,575.0,211.0,578.0,274.0,0.7956043048775457,10.57039883848737,-171.82187305380694,-93.49663409392612
774,7,528.0,260.0,528.0,188.0,593.0,186.0,592.0,257.0,0.7131515991823999,12.059295919095426,-159.56325256333096,-90.56653195777662
775,7,548.0,284.0,544.0,215.0,610.0,210.0,613.0,278.0,0.73946699530983,10.150399404495445,-168.88915043476447,-93.98575393581697
776,7,547.0,258.0,543.0,188.0,611.0,182.0,614.0,252.0,0.727634271181078,12.80071352396262,-171.2911870655541,-94.24675916831067
777,7,533.0,262.0,528.0,185.0,599.0,179.0,603.0,255.0,0.6665381205639005,10.508967636197557,-163.43404225713027,-94.3625411866204
778,7,540.0,266.0,535.0,187.0,608.0,182.0,612.0,258.0,0.6568763491165875,10.180889292048482,-165.43958600318044,-94.36385112482604
779,7,568.0,284.0,563.0,201.0,640.0,196.0,642.0,278.0,0.6183168118031437,8.796179458795331,-163.61613578062799,-93.5093760021712
780,7,639.0,319.0,636.0,229.0,719.0,223.0,721.0,311.0,0.5743446398061591,9.639143883474551,-166.9394922516286,-93.56948799628151
781,7,638.0,325.0,637.0,232.0,722.0,229.0,722.0,319.0,0.559310779375634,8.434857485673868,-166.32082838577168,-92.01125813639266
782,7,644.0,334.0,642.0,240.0,728.0,235.0,728.0,327.0,0.5495343942735282,9.312359201438165,-165.239128271172,-92.53396182377055
783,7,641.0,327.0,640.0,232.0,725.0,227.0,726.0,320.0,0.5445417304508519,9.17071793732694,-164.11306909619213,-92.52024157689819
784,7,640.0,316.0,639.0,218.0,726.0,213.0,726.0,309.0,0.5290155222776701,9.914700751594319,-162.77376569523972,-92.33573901333614
785,7,671.0,314.0,669.0,213.0,759.0,208.0,758.0,306.0,0.5191068730278489,10.09483972238141,-163.5257298346564,-92.64788260580545
786,7,688.0,297.0,688.0,195.0,779.0,190.0,777.0,290.0,0.5156764365743713,11.233299829394655,-164.47545233588923,-92.28854974642013
787,7,710.0,290.0,710.0,182.0,805.0,177.0,802.0,282.0,0.49301327092868,11.640050050981634,-163.83795324663646,-92.4128335911436
788,7,683.0,302.0,682.0,192.0,778.0,186.0,777.0,292.0,0.4810860854560127,11.617317065463062,-163.01090614500126,-92.93732392247956
789,7,668.0,333.0,669.0,219.0,767.0,215.0,763.0,325.0,0.46000454464073565,10.691404648074633,-160.22689167738125,-91.23494298131689
790,7,687.0,335.0,690.0,218.0,789.0,214.0,785.0,326.0,0.4513628331093673,11.31938163369756,-160.55722322148543,-91.17884680512962
791,7,715.0,335.0,717.0,214.0,819.0,210.0,815.0,326.0,0.44033255522698506,10.339727327057519,-160.95946914264212,-91.51131126230857
792,7,719.0,331.0,722.0,210.0,825.0,206.0,820.0,323.0,0.4394004211036007,10.794303738305466,-161.59854199662243,-91.21692907307238
793,7,738.0,332.0,740.0,206.0,848.0,201.0,843.0,323.0,0.4243063525679673,10.742904449000733,-162.47972514447633,-91.72888692120023
794,7,738.0,332.0,741.0,205.0,848.0,201.0,843.0,323.0,0.42269637071320176,10.553052156368889,-161.7179421967787,-91.45565062800947
795,7,755.0,338.0,758.0,207.0,871.0,202.0,865.0,328.0,0.41089649236923365,11.246867563667104,-163.65545407743323,-91.7260964077573
796,7,787.0,323.0,793.0,182.0,915.0,178.0,905.0,314.0,0.3873961479652315,12.24134982325616,-164.62273050273797,-91.18597200064188
834,8,540.0,23.0,638.0,18.0,628.0,128.0,528.0,127.0,0.4920670776212195,26.761078261178262,-177.22419622271002,6.987910087199155
835,8,491.0,19.0,591.0,13.0,583.0,122.0,483.0,124.0,0.4893934560104163,23.10396018679766,-178.63492291229113,4.76686775034749
836,8,400.0,22.0,494.0,17.0,490.0,126.0,396.0,126.0,0.5015651019078508,22.61234103049163,-172.64236082154102,5.329446169893134
837,8,294.0,43.0,387.0,43.0,382.0,150.0,289.0,146.0,0.5081583489027197,17.60990571962815,-172.91727419808842,5.9535053865964835
838,8,269.0,31.0,363.0,31.0,359.0,138.0,266.0,135.0,0.5111252345145655,16.190315571813045,-172.05924495074484,5.470878257875124
839,8,261.0,29.0,355.0,28.0,353.0,135.0,258.0,133.0,0.5115989280095766,14.897123508222387,-172.88420542517844,4.484465403587689
839,1,846.0,179.0,864.0,180.0,861.0,195.0,844.0,194.0,3.263458212133051,14.83629794556678,-142.18882291620875,6.216804709303529
840,8,246.0,27.0,343.0,29.0,338.0,139.0,243.0,135.0,0.49764715618417843,15.690177753262022,-171.1331174663494,6.193752851791716
854,1,416.0,89.0,430.0,89.0,430.0,103.0,416.0,103.0,3.699394909566566,1.0971518366679982e-06,179.99999493438625,4.535379888355592e-10
935,9,405.0,19.0,461.0,16.0,468.0,78.0,412.0,81.0,0.8730205303561873,-21.215178394459627,-169.84524127329388,-10.06631482640223
936,9,388.0,53.0,447.0,51.0,453.0,112.0,393.0,115.0,0.8580005105828769,-12.768005772917034,-175.53142204707737,-5.99090210354236
937,9,393.0,30.0,455.0,29.0,458.0,92.0,396.0,93.0,0.8411665560694722,-6.62115903329639,-176.86766303963915,-2.941089646990274
938,9,404.0,20.0,468.0,19.0,471.0,84.0,408.0,85.0,0.8197009223683287,-8.298479161300783,-175.91058514631175,-3.526849183394242
939,9,389.0,51.0,452.0,52.0,455.0,119.0,392.0,120.0,0.7875938462492357,-19.914130518567283,-169.62610838651938,-5.67038044066096
940,9,379.0,65.0,444.0,64.0,448.0,131.0,384.0,134.0,0.7823217118471183,-16.101822027453075,-169.9539395858342,-6.127609214370765
941,9,368.0,91.0,435.0,89.0,439.0,156.0,374.0,160.0,0.773105863246205,-12.336252766349661,-170.6529076864209,-5.638195025649905
942,9,377.0,97.0,446.0,94.0,451.0,163.0,384.0,167.0,0.7484657089257439,-11.290980566296279,-174.72916001143727,-5.672848662859437
943,9,396.0,60.0,468.0,58.0,474.0,131.0,404.0,135.0,0.708471628436208,-15.110704604776931,-175.12179121970675,-6.560480929234724
944,9,410.0,82.0,484.0,79.0,488.0,158.0,414.0,162.0,0.6652994881733469,-17.147771647933872,-165.87194202124363,-6.917065338872643
945,9,402.0,125.0,478.0,125.0,481.0,205.0,405.0,206.0,0.6433396770405533,-18.10648911293765,-173.35515911893143,-4.021644284371462
946,9,416.0,178.0,495.0,177.0,497.0,259.0,420.0,261.0,0.6180434907681319,-18.180030662400274,-173.85383584054512,-3.8432895586310187
947,9,434.0,170.0,516.0,168.0,519.0,251.0,438.0,255.0,0.6072811787695778,-11.518628141223477,-172.80199410764595,-3.848889999284459
948,9,419.0,157.0,504.0,154.0,507.0,240.0,424.0,245.0,0.5887154411400163,-12.640556851192587,-169.35887174534744,-4.847720866322542
949,9,370.0,92.0,463.0,88.0,470.0,183.0,378.0,191.0,0.5395808679498338,-15.604924129156004,-168.05230820452672,-7.239654073922465
950,9,332.0,100.0,428.0,96.0,436.0,193.0,341.0,202.0,0.5250900518096872,-17.264587360004562,-167.86497424365774,-7.6914468424413025
951,9,240.0,68.0,347.0,64.0,359.0,168.0,254.0,179.0,0.4930314259779115,-17.326697029358137,-171.5334703754117,-8.367602361163565
952,9,147.0,61.0,266.0,55.0,281.0,172.0,165.0,186.0,0.4494378793332186,-26.485659480348875,-161.79560682882314,-12.30511037047908
953,9,45.0,124.0,178.0,115.0,195.0,235.0,67.0,255.0,0.4267230294632023,-27.567843266529483,-156.98857889456573,-12.869741911053032
973,8,406.0,105.0,427.0,103.0,428.0,122.0,409.0,125.0,2.5480536917820324,-6.529936126749946,-145.46289949246867,-8.818802236718994
975,8,354.0,160.0,374.0,157.0,376.0,176.0,356.0,179.0,2.516183925845053,3.399454202824804,168.3337691755047,-7.8251392842662195
977,8,298.0,201.0,319.0,200.0,322.0,218.0,302.0,222.0,2.497171890821527,-14.518628923881243,171.9440285063409,-9.356292575246435
979,8,222.0,292.0,244.0,288.0,246.0,308.0,225.0,312.0,2.3730098943097264,-23.907621078903865,-150.48978316231714,-13.19225014453102
980,8,176.0,336.0,199.0,333.0,201.0,353.0,180.0,357.0,2.4149337516517937,-21.72342102771241,-159.57848120453167,-10.496735410504225
981,8,163.0,378.0,187.0,374.0,189.0,394.0,167.0,398.0,2.3325741803494906,-20.454495545890577,-152.6873385848097,-10.441690688519214
982,8,137.0,387.0,162.0,384.0,165.0,403.0,142.0,408.0,2.2745375238784455,-15.764594557154785,-150.482370535054,-9.80207040551403
983,8,134.0,375.0,157.0,371.0,162.0,392.0,138.0,396.0,2.319139612623534,-23.174003036325907,162.60746189912183,-10.463097632135034
984,8,136.0,356.0,160.0,352.0,164.0,373.0,141.0,377.0,2.315553781949254,-13.992196891314492,-157.38533889412577,-10.38392326068756
985,8,131.0,337.0,155.0,334.0,159.0,356.0,136.0,360.0,2.2839743124530565,-30.503107466164344,176.89171743449603,-10.596160686494187
986,8,134.0,369.0,159.0,365.0,164.0,385.0,140.0,391.0,2.421037037721586,-19.884113405992707,175.57953797978863,-13.516179536263031
987,8,160.0,394.0,184.0,388.0,190.0,410.0,166.0,415.0,2.210238420702822,-10.933223791464803,-158.75979136595328,-13.181216279642777
988,8,190.0,345.0,214.0,340.0,219.0,362.0,195.0,367.0,2.1903902255693026,-15.1687399672951,165.68324007151094,-12.744823073663305
989,8,189.0,361.0,213.0,356.0,218.0,379.0,194.0,384.0,2.1920465432834195,-13.07014000993351,176.2356995585851,-12.400544201568918
990,8,186.0,402.0,211.0,397.0,215.0,420.0,191.0,425.0,2.157152379076707,-18.113511830922736,-166.00038499159876,-11.654796764422503
991,8,162.0,422.0,189.0,415.0,193.0,437.0,168.0,445.0,2.0082785973542334,-24.21952314141306,-150.83568556379163,-16.55103859364
992,8,178.0,420.0,205.0,415.0,210.0,436.0,184.0,442.0,2.0006692258487955,-12.10491514550419,-148.82024976688658,-11.629823068032321
993,8,186.0,431.0,212.0,426.0,217.0,449.0,192.0,455.0,2.0702590089560755,-12.026920873581947,-164.67205882878875,-11.96569795145088
994,8,200.0,440.0,227.0,433.0,232.0,455.0,207.0,463.0,1.9872839140345337,-17.473279634639326,-153.66960087418246,-15.915978550681968
995,8,203.0,444.0,229.0,437.0,235.0,460.0,209.0,468.0,1.9855590903072373,-19.191597212937936,-159.12480745401655,-15.785268936269215
996,8,235.0,441.0,260.0,435.0,266.0,459.0,240.0,465.0,2.0220731948155155,-14.131159541011389,162.82245352862213,-12.751162153500895
997,8,236.0,445.0,262.0,439.0,267.0,463.0,241.0,470.0,1.9670792695738213,-20.069119242905266,-164.74075630522148,-13.304888298429875
998,8,241.0,429.0,268.0,422.0,273.0,447.0,248.0,453.0,1.9651891572510467,-12.884911414087039,-165.6125885906182,-13.72333116487839
1000,8,274.0,402.0,302.0,395.0,307.0,419.0,281.0,425.0,1.8664250242326874,-9.393275604163032,-152.83661753617767,-13.479242455171159
1001,8,270.0,356.0,297.0,350.0,303.0,375.0,277.0,382.0,1.8980234152463995,-10.977916479217251,-165.96878604985795,-14.302058488531049
1002,8,232.0,342.0,263.0,336.0,268.0,361.0,238.0,367.0,1.6906399193520292,-11.660046852702518,-144.27134220862902,-11.75383948329712
1003,8,205.0,375.0,235.0,368.0,241.0,393.0,212.0,401.0,1.7498426244903615,-15.399989524623109,-150.6351559639458,-14.911712246221104
1004,8,206.0,380.0,236.0,373.0,243.0,398.0,215.0,407.0,1.7669060703644912,-11.823321906347717,-156.01743737566855,-15.953371591371447
1005,8,201.0,355.0,231.0,349.0,238.0,375.0,209.0,383.0,1.7541091725843034,-18.74159597812024,165.13840285385788,-14.347066443440758
1006,8,178.0,342.0,210.0,335.0,216.0,362.0,186.0,370.0,1.6863779682525726,-16.365111889847984,-152.1989024297738,-14.8776356519179
1007,8,166.0,322.0,198.0,316.0,204.0,344.0,174.0,352.0,1.6997489340396235,-18.650050401489164,-159.96268180793376,-14.59241418297172
1008,8,170.0,335.0,204.0,328.0,210.0,357.0,178.0,364.0,1.600581110189404,-14.671637111211727,-151.6514635788112,-13.088440672230456
1009,8,165.0,341.0,198.0,333.0,206.0,362.0,174.0,371.0,1.6114417318036511,-15.614520816443866,-156.10322038637173,-16.009812781012553
1010,8,134.0,338.0,170.0,330.0,177.0,360.0,144.0,369.0,1.5463846901607412,-16.93515346909714,-152.62640058806767,-15.413743097617928
1011,8,126.0,372.0,162.0,363.0,170.0,395.0,136.0,405.0,1.5223573868759634,-22.02108422094527,-162.32911585004828,-16.74456349856802
1012,8,117.0,349.0,153.0,340.0,162.0,371.0,127.0,381.0,1.5119823843136144,-17.799458027860815,-154.41232289412585,-16.623041015442638
1013,8,125.0,344.0,161.0,336.0,170.0,369.0,134.0,378.0,1.4956068626271994,-19.558696281718483,173.63401435488603,-14.86396590590106
1014,8,144.0,340.0,180.0,332.0,189.0,366.0,152.0,374.0,1.4641596093765483,-18.211678926792427,171.65629655859206,-13.790394273065145
1015,8,149.0,346.0,188.0,337.0,197.0,371.0,159.0,381.0,1.3754414445235876,-15.934442684131655,-155.29015158444378,-15.109947208070121
1016,8,144.0,334.0,183.0,326.0,192.0,362.0,154.0,371.0,1.3812138052943999,-22.809635095251217,177.83171555988065,-14.347407870693955
1017,8,80.0,364.0,121.0,354.0,132.0,391.0,90.0,403.0,1.3195559329684643,-16.409256362363877,170.57800357440846,-16.12841081150437
1018,8,48.0,372.0,92.0,361.0,103.0,399.0,59.0,411.0,1.2760837405027674,-20.453083166936494,165.47634630674023,-16.28456959628975
1019,8,32.0,346.0,78.0,335.0,89.0,375.0,45.0,386.0,1.2602196171994058,-19.56923131517923,-158.5268242305126,-15.746538628361149
1020,8,30.0,328.0,76.0,316.0,89.0,357.0,42.0,368.0,1.219882049820006,-22.827415017283045,168.15654059871127,-16.815233020701083
1021,8,63.0,289.0,110.0,279.0,121.0,321.0,74.0,330.0,1.2493643808201538,-18.828559467530724,-174.70350653760923,-14.31579815626918
1022,8,67.0,278.0,115.0,268.0,127.0,310.0,80.0,321.0,1.1690450275926276,-16.64966809040097,-153.68220283878023,-15.005775717397228
1023,8,82.0,244.0,130.0,234.0,143.0,278.0,94.0,289.0,1.1354083703336475,-18.8230362918589,174.95330948316143,-15.622216875862174
1024,8,110.0,239.0,160.0,229.0,169.0,275.0,122.0,286.0,1.0982892201004983,-26.991055691304968,-155.33097202612376,-17.334667355128527
1025,8,76.0,228.0,127.0,217.0,139.0,266.0,89.0,276.0,1.0852568611482192,-9.287874887338056,-173.99658868699552,-13.470377639149465
1026,8,85.0,199.0,137.0,189.0,151.0,237.0,99.0,248.0,1.0591494169470146,-20.98460487668787,179.10456107269277,-16.043190530648104
1027,8,101.0,178.0,154.0,168.0,167.0,219.0,115.0,228.0,1.0405555435762894,-9.245075941812075,-159.23362027613305,-12.25418161441422
1028,8,116.0,161.0,169.0,152.0,183.0,202.0,129.0,212.0,1.0185765803094917,-19.81103092475821,179.02182193350333,-14.8879878119356
1029,8,176.0,108.0,233.0,104.0,242.0,157.0,187.0,163.0,0.9626406019251607,-6.544153747371733,-150.09630758658608,-6.8017082179599635
1030,8,217.0,107.0,274.0,99.0,285.0,155.0,228.0,162.0,0.9291000302893992,-13.482220901583501,179.95809844486263,-11.122705159463138
1031,8,216.0,94.0,274.0,86.0,284.0,145.0,227.0,153.0,0.9097078868591691,-0.6975177522599542,-168.34720753411383,-8.084750254516475
1032,8,196.0,106.0,255.0,99.0,264.0,159.0,205.0,166.0,0.8917179333278806,-1.0825797479501578,-172.65944722686496,-7.068579032028539
1033,8,168.0,84.0,231.0,74.0,244.0,137.0,182.0,146.0,0.8650989198908517,-8.27684072069216,-167.05300379632217,-11.155361161924553
1033,1,462.0,108.0,474.0,106.0,476.0,119.0,464.0,121.0,4.03095766783509,-15.724056955866452,-164.61350654932144,-13.415506753575915
1034,8,175.0,32.0,243.0,25.0,254.0,92.0,188.0,100.0,0.8172793131848602,-13.110012819648443,-152.68695238784875,-10.749823579571459
1034,1,488.0,93.0,501.0,92.0,503.0,105.0,490.0,107.0,3.8404037773424,-10.957896993130888,-176.11280476301565,-9.402368566382842
1035,8,178.0,24.0,247.0,16.0,260.0,84.0,193.0,93.0,0.8023574212966051,-8.257133043467025,-151.13068983406927,-9.959512643060132
1036,8,204.0,39.0,273.0,32.0,282.0,103.0,213.0,110.0,0.7691175700194168,0.09198534572914864,-172.972607828771,-5.786607551254896
1037,8,188.0,27.0,260.0,19.0,271.0,90.0,199.0,99.0,0.751735521442544,-5.481511552461645,-177.75086724360776,-8.524375398438986
1038,8,144.0,14.0,222.0,5.0,232.0,84.0,156.0,91.0,0.7102432974444183,-2.327454404460607,-173.86237691896838,-6.745261000938838
1042,1,469.0,143.0,482.0,142.0,483.0,156.0,470.0,157.0,3.7824076271123266,-14.400018743236053,-167.9870435619931,-7.3665545142309865
1054,1,717.0,71.0,736.0,70.0,737.0,88.0,717.0,90.0,2.813867571658293,11.351609293099077,175.36818573807406,-1.353481720369351
1055,10,15.0,125.0,31.0,126.0,34.0,151.0,19.0,151.0,2.246417894349736,-74.56156551542618,-135.45541175220922,-46.72711859649482
1055,1,767.0,67.0,787.0,65.0,787.0,84.0,767.0,86.0,2.8121146278542763,20.7722320435365,177.64167520833763,-0.1864090289022288
1056,10,18.0,120.0,34.0,122.0,37.0,146.0,21.0,144.0,2.3754379248900777,26.198213403895075,-157.70302247992169,11.899795293373305
1057,10,34.0,125.0,51.0,126.0,55.0,150.0,39.0,149.0,2.3474445617067725,26.057360783550347,-156.22145562641313,8.974110117932195
1057,1,801.0,38.0,821.0,35.0,822.0,55.0,802.0,58.0,2.847305083027111,9.648585187825294,-162.729283275514,-5.981343839195029
1059,10,116.0,105.0,131.0,106.0,135.0,131.0,120.0,130.0,2.221444044625255,33.96222294603459,-154.95047772159882,12.256587952128722
1060,10,134.0,114.0,151.0,116.0,155.0,140.0,139.0,139.0,2.2190737810543495,-66.38352320608222,-165.28774838395094,-22.255040925673978
1061,10,157.0,131.0,174.0,132.0,178.0,157.0,162.0,156.0,2.1533731046682907,32.254755561288164,-153.9248638907115,10.614072461243655
1062,10,162.0,106.0,179.0,107.0,183.0,132.0,166.0,131.0,2.1820292392490055,30.425259556308394,-154.15161267009768,10.878235780033494
1064,10,47.0,80.0,66.0,82.0,71.0,109.0,52.0,108.0,2.076646682435054,-68.38614972872513,-154.07207414692198,-31.192393242634775
1065,10,49.0,32.0,69.0,34.0,74.0,63.0,55.0,62.0,1.9846334576001046,-67.58379976946394,-145.81877909897335,-38.2341768781481
